pitch_type,game_date,release_speed,release_pos_x,release_pos_y,release_pos_z,player_name,batter,pitcher,zone,stand,p_throws,pfx_x,pfx_z,plate_x,plate_z,vx0,vy0,vz0,ax,ay,az,effective_speed,release_spin_rate,release_extension
null,2020-08-14,93.4,2.55,2.55,5.81,Evan Longoria,446334,666200,9,R,L,1.3,0.8,0.46,1.91,-8.14735784519081,-135.779699191674,-6.06990470030935,18.3537545375998,27.0267362008095,-20.6195375160435,91.9,2371,5.2
null,2020-08-14,94.1,2.67,2.67,5.64,Evan Longoria,446334,666200,12,R,L,1.4,0.8,0.96,2.85,-7.42595942281355,-136.850019454285,-3.39921534654222,19.3151462541695,28.7978905683128,-20.9950205112694,92.9,2344,5.5
null,2020-08-14,95.7,2.43,2.43,5.73,Donovan Solano,456781,666200,2,R,L,1.3,0.8,-0.04,2.87,-9.33244376353346,-139.089033264398,-3.6428964923589,19.1315871342002,27.9200808717779,-21.7201715128303,94.6,2355,5.5
null,2020-08-14,96,2.69,2.69,5.73,Mike Yastrzemski,573262,666200,11,L,L,1.3,0.7,-0.43,4.01,-10.8818101372509,-139.500082117454,-0.523226161978268,18.6620028604074,26.7864063791992,-23.3278556804851,94.9,2365,5.4
null,2020-08-14,95.9,2.7,2.7,5.8,Mike Yastrzemski,573262,666200,8,L,L,1.3,0.7,0.17,2.13,-9.49655334683094,-139.326305896772,-5.56339403134354,19.3024980171254,29.0698161295783,-22.4022844812213,94.6,2335,5.4
null,2020-08-14,96,2.72,2.72,5.67,Mauricio Dubon,643289,666200,13,R,L,1.2,0.7,-1.08,2.09,-12.6368525122707,-139.256189844652,-5.47804636635254,18.8228584709208,26.2747981348302,-21.7555420858284,95,2348,5.5
null,2020-08-14,95.9,2.61,2.61,5.79,Darin Ruf,573131,666200,12,R,L,1.3,0.9,1.31,3.14,-6.31921841069186,-139.522797192583,-3.31394183754331,18.7023061964634,31.0726466978174,-20.3051763419787,94.5,2276,5.5
null,2020-08-14,93.8,2.78,2.78,5.7,Evan Longoria,446334,666200,14,R,L,1.4,0.7,2.07,1.24,-4.81634255307434,-136.451323091136,-7.27592082084178,18.4535233146943,27.3703095117184,-22.1245787942567,92.7,2154,5.5
null,2020-08-14,94.5,2.53,2.53,5.8,Donovan Solano,456781,666200,11,R,L,1.3,1,-0.53,3.23,-10.5962577733698,-137.273516584513,-3.24568233205029,18.1880796430661,27.931419351696,-18.8419546808451,93.4,2349,5.5
null,2020-08-14,97,2.48,2.48,5.85,Hunter Pence,452254,666200,8,R,L,1.4,0.7,-0.02,2.05,-9.61017935377798,-140.946243860764,-6.24912332822899,20.0851202098802,28.2791903124524,-21.2728769619959,96,2387,5.6
null,2020-08-14,96.3,2.56,2.56,6.01,Evan Longoria,446334,666200,14,R,L,1.3,0.8,1.01,2.48,-6.9774175418004996,-139.9664524661,-5.60381123027054,18.9695940067336,31.6590592342492,-20.0801082580552,94.7,2418,5.4
null,2020-08-14,95,2.58,2.58,5.96,Evan Longoria,446334,666200,5,R,L,1.4,1.1,-0.16,2.56,-10.1306527091053,-137.8678905028,-5.578956091817,20.2156042867133,29.6207744284582,-17.2127466331728,93.6,2289,5.5
null,2020-08-14,94.9,2.54,2.54,5.87,Donovan Solano,456781,666200,6,R,L,1.5,1,0.42,2.35,-8.65212870252488,-137.919041276,-5.67495397105583,20.6420474106765,28.8205630414786,-18.5944358724256,93.4,2515,5.4
null,2020-08-14,97.2,2.38,2.38,5.93,Mike Yastrzemski,573262,666200,1,L,L,1.4,1,-0.31,3.02,-10.2370927089038,-141.220346649705,-4.52303146768974,21.1046700999717,30.6095470762185,-17.8242865305362,95.9,2420,5.5
null,2020-08-14,95.5,2.4,2.4,5.84,Mike Yastrzemski,573262,666200,2,L,L,1.4,0.9,-0.05,3.18,-9.45975567461805,-138.851896843068,-3.48881778322401,20.0772635379911,27.2889641914893,-19.4599735174434,94.7,1192,5.6
null,2020-08-15,94,1.69,1.69,5.45,Alex Gordon,460086,573124,11,L,L,1.4,0.7,-0.87,2.93,-9.62674030499183,-136.582022169175,-2.49356915033185,19.1075479881549,27.8999106441255,-22.4077441014705,94,2158,6.2
null,2020-08-15,94.4,1.69,1.69,5.51,Alex Gordon,460086,573124,11,L,L,1.4,0.8,-0.72,3.55,-9.38787250266742,-137.227094597398,-1.2148188078585,20.0114727872851,29.4570864187369,-21.8922969232764,94.1,2193,6.1
null,2020-08-15,81.6,1.77,1.77,5.48,Alex Gordon,460086,573124,13,L,L,-1.2,0.3,-1.13,2.04,-4.31212497778214,-118.87342976378,-1.76623587016911,-10.2151560917642,21.4286637518678,-29.3319521452557,81.6,2558,6.1
null,2020-08-15,94.2,1.75,1.75,5.48,Alex Gordon,460086,573124,3,L,L,1.3,0.6,0.53,3.3,-6.09341082879442,-137.285619096152,-1.32546561495841,18.1680441950446,26.0089945471549,-24.8470842729023,94.4,2234,6
null,2020-08-15,93.8,1.73,1.73,5.48,Alex Gordon,460086,573124,5,L,L,1.4,0.5,-0.01,2.06,-7.46335558272484,-136.458069635521,-4.35112816114363,18.670120658148,26.5269182328127,-24.6611915141893,93.8,2183,6
null,2020-08-15,94,1.7,1.7,5.56,Alex Gordon,460086,573124,11,L,L,1.4,0.6,-1.39,2.92,-10.949407179513,-136.528293699258,-2.47143100237094,19.2118734040716,25.7529680480588,-24.4837881139581,94.2,2204,6.2
null,2020-08-15,94.2,1.63,1.63,5.55,Alex Gordon,460086,573124,11,L,L,1.4,0.6,-1.4,2.71,-10.9086583736777,-136.886609403643,-3.12634594940637,19.951719906146,27.5027026643062,-23.5335924160969,93.9,2271,6
null,2020-08-15,94.4,1.83,1.83,5.5,Maikel Franco,596748,573124,9,R,L,1.4,0.6,0.33,2,-6.87426323625915,-137.25032700283,-4.76581703471687,18.7667000484094,28.9848900411236,-23.5767897414007,93.8,2093,5.9
null,2020-08-15,78,1.91,1.91,5.55,Maikel Franco,596748,573124,13,R,L,-1.3,-0.4,-1.17,0.91,-4.2193990190303,-113.488971257617,-2.31998411649004,-10.3379886558754,21.7019661022813,-35.3400140971176,77.3,2749,5.9
null,2020-08-15,95.3,1.72,1.72,5.47,Maikel Franco,596748,573124,13,R,L,1.3,0.6,-1.05,2.06,-10.1306978089528,-138.414283764723,-4.78424677642828,18.9943379320484,28.2973731146613,-22.9631397186921,95,2126,6.1
null,2020-08-15,83,1.68,1.68,5.53,Ryan McBroom,643436,573124,4,R,L,-0.8,0.2,-0.76,2.55,-3.92601764229484,-120.861005010495,-0.770036827899695,-7.460363858944,23.0234502146668,-30.2403613906671,82.4,2649,5.8
null,2020-08-15,94.2,1.79,1.79,5.48,Ryan McBroom,643436,573124,12,R,L,1.3,0.7,0.29,3.65,-6.79844987085981,-137.145379779663,-0.606306150354889,18.233936658824,29.1157347937448,-23.5237319242322,93.8,2271,5.9
null,2020-08-15,82.7,1.8,1.8,5.56,Ryan McBroom,643436,573124,5,R,L,-0.7,0.2,-0.22,2.52,-3.2633526422704,-120.597961988289,-0.907337654357247,-6.11438791277469,21.043038740998,-30.2413239818826,82.5,2560,5.8
null,2020-08-15,93.9,1.7,1.7,5.5,Ryan McBroom,643436,573124,4,R,L,1.5,0.5,-0.39,2.4,-8.68340081374089,-136.490595583069,-3.37382616745212,20.6207576960934,27.1521181691,-25.6880676480632,93.9,2093,6.1
null,2020-08-15,93.6,1.77,1.77,5.54,Hunter Dozier,641531,573124,6,R,L,1.2,0.8,0.42,2.36,-6.18123302842786,-136.281911059615,-4.25307998748729,16.9010442204742,27.9273886953216,-21.3310897969056,93.2,2176,5.9
null,2020-08-15,77.1,1.97,1.97,5.56,Hunter Dozier,641531,573124,7,R,L,-1.1,-0.2,-0.28,1.55,-2.73380057683775,-112.340002891914,-1.20607283215655,-8.87236193480997,21.4227586914667,-33.7305882658372,76.4,2818,5.9
null,2020-08-15,93.1,-1.42,-1.42,5.19,Alex Avila,488671,605130,5,L,R,-0.6,1.2,-0.12,2.34,4.66047581073516,-135.532392426474,-4.19338520824694,-7.962904919538,28.2982881201388,-16.9641156877906,94.6,2436,7
null,2020-08-15,92.6,-1.24,-1.24,5.36,Alex Avila,488671,605130,2,L,R,-0.4,1.4,0.15,3.1,4.5493070431583,-134.851177382736,-3.07735138337693,-6.22771744925402,28.2578961399506,-14.6747766296419,94,2408,7
null,2020-08-15,83.8,-1.66,-1.66,5.13,Alex Avila,488671,605130,9,L,R,0.6,-0.2,0.54,1.36,3.84302869033128,-122.120291374907,-2.06371220194779,5.85480639348271,21.8729008279919,-33.6508455382354,84.9,2431,6.7
null,2020-08-15,94.4,-1.39,-1.39,5.37,Alex Avila,488671,605130,13,L,R,-0.5,1.2,-1.42,2.03,1.04343398820237,-137.464332542905,-5.82664505498868,-6.55426398701913,27.89271893821,-15.7446796991745,96,2402,7
null,2020-08-15,82.7,-1.49,-1.49,5.22,Alex Avila,488671,605130,14,L,R,0.8,0.2,1.38,1.49,5.08948355392567,-120.410735071275,-2.38582786969966,6.44017919912829,23.4281533168318,-30.0508765155513,83.6,2620,6.8
null,2020-08-15,83,-1.4,-1.4,5.18,Byron Buxton,621439,605130,9,R,R,0.4,0,0.43,1.79,3.40341755073923,-120.953764462591,-1.42477971245142,3.54570181464636,21.0279863481768,-31.8475570807652,84.3,2362,6.8
null,2020-08-15,93.9,-1.51,-1.51,5.34,Byron Buxton,621439,605130,11,R,R,-0.7,1.2,-0.96,4.58,2.92249048714198,-136.825575587595,1.12033910133562,-8.99794801706887,28.0242982574261,-17.6707072590028,95.1,2357,6.7
null,2020-08-15,92.7,-1.55,-1.55,5.23,Byron Buxton,621439,605130,11,R,R,-0.7,1.1,-0.93,4.46,3.21068430983814,-135.091012681005,1.31551946005886,-9.67673894385501,27.761166795848,-18.7444007056272,94,2331,6.8
null,2020-08-15,94.3,-1.31,-1.31,5.4,Byron Buxton,621439,605130,2,R,R,-0.8,1.3,0.15,3.47,5.59529854531653,-137.248999991889,-2.16035114654887,-11.1766891752358,28.7283742369033,-15.9256775464109,95.5,2492,6.8
null,2020-08-15,78.9,-1.26,-1.26,5.48,Luis Arraez,650333,605130,9,L,R,1.1,-0.7,0.48,1.94,1.71076502736838,-114.973485977802,0.320590842979789,9.63290702676446,21.2640077207682,-38.263955776539,79.9,2483,6.9
null,2020-08-15,76.3,-1.05,-1.05,5.5,Miguel Sano,593934,605130,13,R,R,1.3,-0.9,-0.52,1.36,-1.20074578427381,-111.092034195576,-0.0744157606256224,10.7797105353084,19.4966141649908,-39.8172387376484,77.3,2452,6.9
null,2020-08-15,94.4,-1.43,-1.43,5.39,Miguel Sano,593934,605130,11,R,R,-0.4,1.1,-0.2,3.99,4.02085235489868,-137.647099103441,-0.409094254400617,-5.3613399606231,26.1546438896833,-18.7428167062923,96,2306,6.8
null,2020-08-15,94.7,-1.12,-1.12,5.53,Miguel Sano,593934,605130,12,R,R,-0.5,1.2,0.96,2.61,6.6448773157386,-137.86810875678,-4.83738181784146,-7.69352865920249,27.6404687693634,-15.5138561531101,96.4,2422,7
null,2020-08-15,77.7,-1.18,-1.18,5.49,Miguel Sano,593934,605130,8,R,R,1.3,-0.8,-0.23,1.76,-0.410610728159898,-113.169430775161,0.387068239842808,11.3960270984555,21.5501711189503,-39.1449000750021,78.5,2452,6.9
null,2020-08-15,76.6,-2.95,-2.95,4.74,Salvador Perez,521692,489265,6,R,R,0.8,0.6,0.43,2.72,5.70778889566352,-111.486155480898,1.56956342054557,5.84666714995814,17.9934899391033,-27.3832340830001,77.3,2717,6.6
null,2020-08-15,76.4,-3.01,-3.01,4.84,Jorge Soler,624585,489265,14,R,R,0.9,0.6,1.05,2.26,6.96443276798818,-111.252233767212,0.48619090900002,6.37271813243614,17.8692100864366,-27.6360563436315,76.9,2695,6.4
null,2020-08-15,86,-2.66,-2.66,5.17,Jorge Soler,624585,489265,14,R,R,-1.1,1,0.89,2.38,10.6025118047671,-124.923151228749,-2.4849285336867,-13.3822399449522,21.8380306403193,-21.1259777526568,86.3,2282,6.3
null,2020-08-15,76,-2.97,-2.97,4.81,Jorge Soler,624585,489265,14,R,R,1.5,0.7,0.69,1.2,4.98922003069352,-110.679073215491,-1.72447701168765,11.4769318311261,19.5623062557389,-26.5902352590197,76,2807,6.3
null,2020-08-15,85.5,-2.71,-2.71,5.16,Jorge Soler,624585,489265,12,R,R,-1.1,1,0.94,2.84,10.7168399850599,-124.216727128809,-1.24015306315621,-13.1682867747884,21.7756649451055,-21.7543334989604,85.5,2259,6.1
null,2020-08-15,86,-2.8,-2.8,5.12,Jorge Soler,624585,489265,6,R,R,-1.1,1,0.61,2.74,10.3359319851046,-124.868293370674,-1.45825129692641,-13.634658972436,22.8240116156358,-21.4703123901115,86.4,2197,6.5
null,2020-08-15,86.3,-2.73,-2.73,5.06,Whit Merrifield,593160,489265,14,R,R,-1.2,0.9,0.93,1.89,11.1794363164465,-125.254384536562,-3.23918910752105,-14.8492896605812,22.5600004290164,-21.9379172665265,86.7,2207,6.4
null,2020-08-15,74,-2.64,-2.64,5.15,Whit Merrifield,593160,489265,9,R,R,1.7,0.1,0.78,1.78,4.06010427377459,-107.698219602771,0.225401674386299,12.1429665802584,21.1577333612767,-31.3601070913139,73.8,3039,6.4
null,2020-08-15,76.7,-3.01,-3.01,4.8,Whit Merrifield,593160,489265,14,R,R,1.2,0.6,2.77,1.29,10.0010833216035,-111.344307693904,-1.51252530478873,8.46226674379965,20.9707534824542,-26.7841619039982,76.9,2765,6.7
null,2020-08-15,74.9,-2.98,-2.98,4.83,Whit Merrifield,593160,489265,4,R,R,1.3,0.3,-0.7,2.16,2.3513010465927,-109.173019802572,1.03074768967367,10.4143590399055,18.1930149009718,-29.9606087322608,75.1,2799,6.3
null,2020-08-15,86.1,-2.81,-2.81,5.09,Whit Merrifield,593160,489265,5,R,R,-1.2,1,-0.01,2.32,9.11550794140566,-125.116622854805,-2.35769076708777,-14.5277014174398,23.5419040363779,-21.4996381702065,86.3,2182,6.4
null,2020-08-15,74.8,-3.11,-3.11,4.82,Whit Merrifield,593160,489265,13,R,R,1.4,0.6,-1.47,2.43,0.999425820323122,-108.936194507299,1.2588126376334,10.6461315278881,19.2261397252719,-28.1772964855791,74.8,2722,6.3
null,2020-08-15,94.5,-0.17,-0.17,6.02,Marwin Gonzalez,503556,518813,11,L,R,0,1.2,-1.05,2.55,-2.22720928955479,-137.718549079766,-6.09204152292244,0.196332370692288,27.3293646879935,-15.7002437453012,94.5,2289,6
null,2020-08-15,79.2,-0.32,-0.32,6.12,Marwin Gonzalez,503556,518813,7,L,R,0.1,-0.7,-0.6,1.7,-0.823665458581514,-115.483827921411,-1.63975673710402,1.15815020367155,18.8537499724617,-38.4872043865905,78.9,2337,5.7
null,2020-08-15,86.8,-0.14,-0.14,5.96,Eddie Rosario,592696,518813,9,L,R,0.4,0.1,0.63,1.61,0.989652885015322,-126.430566262142,-4.54284460032688,4.29593090381013,23.2275909539617,-30.1019481532616,86.2,2184,5.7
null,2020-08-15,94,0,0,6.08,Eddie Rosario,592696,518813,11,L,R,0,1.4,-1.59,3.33,-4.03183224793568,-136.950154489138,-4.57840623044099,0.449965359928364,28.5161651346568,-13.3119022831917,93.4,2240,5.7
null,2020-08-15,85.4,0.16,0.16,6.05,Nelson Cruz,443558,518813,9,R,R,0.5,-0.2,0.4,1.95,-0.426480865888073,-124.449920533231,-3.07881977412941,5.34862584735566,23.4916693814858,-33.4585665645826,84.7,2193,5.6
null,2020-08-15,93.3,-0.06,-0.06,6.05,Nelson Cruz,443558,518813,2,R,R,-0.2,1.3,-0.12,3.59,0.356581437635595,-135.959037979219,-3.50031323074306,-3.03509769196748,26.5949148284138,-15.2862755446022,93.4,2232,6
null,2020-08-15,92.8,0.12,0.12,6.12,Nelson Cruz,443558,518813,1,R,R,-0.2,1.3,-0.53,3.13,-1.26851798392667,-135.21425150463,-4.80480839381652,-2.00262319871257,26.3317744168072,-14.9228680954348,92.6,2234,5.9
null,2020-08-15,92.3,-0.07,-0.07,6.08,Nelson Cruz,443558,518813,2,R,R,-0.1,1.3,-0.21,3.25,-0.108247256530084,-134.509683710383,-4.32986351672173,-1.36691599498969,25.2768642336256,-15.412995153398,92.6,2206,6.1
null,2020-08-15,93.1,-0.22,-0.22,6.04,Jorge Polanco,593871,518813,4,L,R,0,1.4,-0.64,2.16,-1.08821437854962,-135.475635132407,-7.23687255410066,0.29901286322863,27.7413100215625,-13.443410782721,92.7,2341,5.9
null,2020-08-15,84.5,-0.07,-0.07,6.02,Jorge Polanco,593871,518813,14,L,R,0.3,0.2,1.43,1.63,2.90809837579438,-123.077295477182,-4.30569500215385,2.42231258563882,22.0504669402253,-29.6271098628121,84.4,2266,5.9
null,2020-08-15,85.7,-0.24,-0.24,6.05,Jorge Polanco,593871,518813,14,L,R,0.2,0.2,0.9,2.18,2.3410611452564,-124.814489559894,-3.30072807389219,1.35317845211951,23.7836975038334,-29.7395510758924,85.6,2266,6.1
null,2020-08-15,77.8,-0.52,-0.52,6.16,Jorge Polanco,593871,518813,2,L,R,0.7,-0.8,0.09,2.8,0.0266568545480389,-113.460729161912,1.01449817452849,6.12505323767904,18.8834832093064,-39.3483314135862,77.5,2299,5.8
null,2020-08-15,77.5,-0.44,-0.44,6.17,Jorge Polanco,593871,518813,14,L,R,0.7,-0.6,0.82,1.16,1.41088512648226,-113.017958251877,-2.6810250196501,5.81362933374371,19.0382228934202,-37.3921773069563,77.4,2303,5.9
null,2020-08-15,93.5,-0.15,-0.15,6.12,Max Kepler,596146,518813,2,L,R,-0.3,1.2,-0.02,3.45,0.902214494831406,-136.33228919334,-3.82636026389105,-3.45017837422663,26.4054693273611,-16.6833651622711,93.6,2154,5.9
null,2020-08-15,85.8,-0.53,-0.53,6.05,Max Kepler,596146,518813,13,L,R,0.4,0.1,-0.56,1.25,-0.797460489565151,-124.987573681145,-5.33746491723111,3.90660185745116,23.3940878509963,-30.242018873942,85.5,2037,5.9
null,2020-08-15,83,-2.15,-2.15,5.61,Nicky Lopez,670032,608648,9,L,R,0.4,-0.6,0.45,1.5,5.27986874846296,-120.963166837394,-1.80317349342053,2.6058819011331402,21.2990760923734,-38.1248265062798,83.5,2413,6.3
null,2020-08-15,93.7,-1.81,-1.81,6.09,Nicky Lopez,670032,608648,5,L,R,-0.6,1.4,0.23,2.05,6.63789025813136,-136.120626526509,-7.75101544969682,-9.33145102439494,28.6799522800983,-13.4703810784655,93.7,2400,6.3
null,2020-08-15,84.6,-1.91,-1.91,6,Adalberto Mondesi,609275,608648,6,L,R,-0.1,-0.5,0.71,2.24,6.28808978196059,-123.22678030914,-1.55012433703817,-1.90487946215295,20.7140292799655,-37.1561210486924,85.6,2478,6.6
null,2020-08-15,81.6,-2.12,-2.12,5.8,Adalberto Mondesi,609275,608648,13,L,R,0.4,-0.8,-0.02,1.26,4.07551051764105,-118.986425368247,-2.16659030723874,2.68854773968684,19.6894968537231,-39.8658636740695,82.4,2451,6.4
null,2020-08-15,85.1,-1.84,-1.84,5.98,Adalberto Mondesi,609275,608648,14,L,R,0,-0.4,1.29,0.66,7.41626522148767,-123.801673101853,-5.55148689186815,-1.63229967498619,21.4455257532672,-35.0303940021694,85.6,2357,6.4
null,2020-08-15,83.6,-1.88,-1.88,5.94,Adalberto Mondesi,609275,608648,14,L,R,0.2,-0.7,1.15,1.22,6.54738853847324,-121.734410558944,-3.24011264040816,1.39512428037918,19.8047258590234,-38.644933085311,84.8,2511,6.6
null,2020-08-15,80.4,-1.99,-1.99,5.9,Alex Gordon,460086,608648,7,L,R,0.5,-0.7,-0.42,1.91,2.5305574596288,-117.146564819473,-0.896133190581112,4.19848062848055,19.2237743465037,-38.928863467716,80.9,2442,6.3
null,2020-08-15,92.1,-1.9,-1.9,6.2,Alex Gordon,460086,608648,11,L,R,-0.7,1.2,-1.24,2.67,3.28282087961454,-134.096051018686,-5.82862748968143,-9.65851737120094,26.2279827671607,-16.3398769849685,92.3,2302,6.2
null,2020-08-15,83.2,-1.94,-1.94,5.94,Alex Gordon,460086,608648,8,L,R,0.1,-0.6,0.09,1.71,4.47868276661937,-121.2578948163,-2.29476107389573,0.285208081418426,18.8995465110465,-37.6137573190292,84.2,2381,6.4
null,2020-08-15,81.6,-1.95,-1.95,6.05,Alex Gordon,460086,608648,13,L,R,0,-0.4,-0.27,1.04,3.84704483990695,-118.960473365878,-4.00668901927815,-0.894727312252054,17.9068043928699,-36.0379270555396,82.6,2327,6.4
null,2020-08-15,76.1,-1.06,-1.06,6,Maikel Franco,596748,543606,6,R,R,1,-1,0.43,2.44,1.3739240686875,-110.853020779831,1.40684027122161,7.73262140116397,19.3611802979221,-41.1872193681527,75.7,2355,5.9
null,2020-08-15,92.1,-1.16,-1.16,5.79,Maikel Franco,596748,543606,12,R,R,-0.7,1.5,0.84,2.92,6.54410475228014,-133.95080715631,-4.63696174107663,-9.6267789830143,28.2591202929352,-13.6835609668091,91.9,2191,6.1
null,2020-08-15,85.1,-1.23,-1.23,5.81,Maikel Franco,596748,543606,4,R,R,-1,0.1,-0.48,2.04,3.68539909767345,-124.097482463278,-2.8159424750822,-10.5583510338701,21.2054660945172,-31.0298968762314,85.9,1426,6.4
null,2020-08-15,93.3,-1.3,-1.3,5.6,Ryan McBroom,643436,543606,6,R,R,-0.8,1.4,0.35,2.21,6.03575606800968,-135.815350298215,-6.23656212674978,-11.4159029946079,25.2476670148345,-13.0801668084065,93.8,2270,6.2
null,2020-08-15,93.2,-1.35,-1.35,5.69,Ryan McBroom,643436,543606,11,R,R,-1,1.3,-0.84,3.79,3.59002142137607,-135.843477830576,-1.94829523917943,-13.688511804154,26.7026162556525,-16.3353418002452,93.5,2314,6.2
null,2020-08-15,92.7,-1.42,-1.42,5.67,Ryan McBroom,643436,543606,5,R,R,-0.8,1.4,0.25,2.4,5.99314277493939,-134.867737247182,-5.73073933404107,-10.9025637959901,27.8690995313024,-13.4021514704811,92.8,2437,6.2
null,2020-08-15,92.9,-1.25,-1.25,5.68,Ryan McBroom,643436,543606,6,R,R,-1,1.1,0.35,2.33,6.34994259717227,-135.125643088503,-5.29152668344607,-14.0160327687082,27.6158839906522,-17.4240287119345,92.9,2322,6.2
null,2020-08-15,91.4,-1.33,-1.33,5.68,Ryan McBroom,643436,543606,2,R,R,-0.8,1.4,0.01,3.03,5.11597719881329,-133.054751602435,-3.89967151169919,-10.6584320441976,25.9868272979383,-14.7207659181221,91.8,2376,6.3
null,2020-08-15,91.7,-1.37,-1.37,5.73,Ryan McBroom,643436,543606,11,R,R,-0.7,1.5,-0.71,3.64,3.27061110930069,-133.62248065848,-2.62733648951838,-9.55307767441205,27.0624926694299,-14.1646001821355,91.8,2297,6.2
null,2020-08-15,91.7,-1.24,-1.24,5.75,Ryan McBroom,643436,543606,12,R,R,-0.8,1.6,0.04,3.71,4.92780730452582,-133.474902638236,-2.66577557141066,-10.4010478746638,28.6344792397942,-13.061947861395801,91.6,2330,6.2
null,2020-08-15,90.5,-1.14,-1.14,5.8,Ryan McBroom,643436,543606,12,R,R,-0.7,1.5,1.13,2.72,7.03937904436633,-131.607363659288,-5.02092544934396,-9.06583247852671,27.4720424912526,-13.4560114938207,90.3,2313,6.2
null,2020-08-15,93.4,-0.11,-0.11,6.11,Alex Avila,488671,518813,4,L,R,0.1,1.4,-0.65,2.6,-1.55512636276933,-136.022685163135,-6.32657935224707,1.29607515985188,27.0513653201515,-13.8365959138909,93.2,2235,5.9
null,2020-08-15,85.2,-0.19,-0.19,6.02,Alex Avila,488671,518813,13,L,R,0.3,0.2,-0.51,0.39,-1.42310583306618,-124.036193089484,-7.31393254138233,3.75472673525847,22.2386622161362,-29.2872003027576,85.3,2204,6.1
null,2020-08-15,84.2,-0.03,-0.03,6.18,Alex Avila,488671,518813,13,L,R,0.4,0.1,-1.36,1.1,-3.80890091312425,-122.621584049071,-5.58473519497444,4.53050925659577,22.4367341055764,-30.5782412962142,83.9,2181,5.9
null,2020-08-15,77.8,0.11,0.11,6.21,Alex Avila,488671,518813,5,L,R,0.5,-0.6,-0.24,2.16,-1.61811950791153,-113.399896432188,-0.727443675949269,4.50338405388654,18.7541555484155,-37.6991110687313,77.5,2309,5.8
null,2020-08-15,83.7,-0.09,-0.09,6.13,Alex Avila,488671,518813,12,L,R,0.5,0,0.23,3.45,-0.244013935591251,-121.997422510974,0.161803301934705,5.04962801333749,21.8481124964304,-32.4381492952094,83.6,2116,5.9
null,2020-08-15,92.3,-0.2,-0.2,6.13,Alex Avila,488671,518813,12,L,R,-0.2,1.1,0.01,4.85,0.937293273593316,-134.623384598262,0.129038163354753,-2.46291204713593,24.6980802082901,-19.3793716695117,92.3,2211,5.8
null,2020-08-15,77.3,-0.49,-0.49,6.27,Alex Avila,488671,518813,4,L,R,0.4,-0.6,-0.69,2.39,-1.0698890150525,-112.701638692387,-0.315801789614168,3.21212966685846,18.3599952314635,-37.5043235218943,77.3,2260,5.9
null,2020-08-15,91.9,0.11,0.11,6.17,Byron Buxton,621439,518813,5,R,R,0.1,1.5,0.13,2.36,-0.19768881107825,-133.746653289537,-7.04280576447433,1.46333535194288,27.0119509557663,-12.9161722489226,91.6,2324,6
null,2020-08-15,84.9,-0.17,-0.17,6.19,Byron Buxton,621439,518813,5,R,R,0.5,0.1,-0.22,2.07,-1.12848941989741,-123.763343445391,-3.68423766824784,5.45892320342213,20.9815296713634,-30.2853233246765,84.9,2161,5.9
null,2020-08-15,84.4,-3.46,-3.46,5.14,Luis Arraez,650333,676604,5,L,R,0.6,-0.1,0.26,2.58,7.38355015148597,-122.701490503069,0.612554624144978,4.84337261071021,23.6336524274467,-33.5528236707145,84.1,2691,6.1
null,2020-08-15,84.2,-3.31,-3.31,5.34,Luis Arraez,650333,676604,11,L,R,0.6,-0.1,-1.09,2.82,3.87865542561972,-122.721264806027,0.688613632278575,5.77805607902331,21.3672636483525,-33.8950488983996,84.1,2777,5.9
null,2020-08-15,93.2,-3.21,-3.21,5.49,Luis Arraez,650333,676604,11,L,R,-0.6,1.3,-1.75,5.36,5.01974875701071,-135.730858261833,2.44147330284234,-8.58266835285253,27.6433412957224,-16.3803617719995,92.7,2406,5.8
null,2020-08-15,79.7,-3.23,-3.23,5.36,Luis Arraez,650333,676604,4,L,R,1.1,-0.9,-0.65,2.35,3.50787287551746,-115.9752701355,1.84051099497958,9.44418843312494,23.1454184215044,-40.8865874841785,79,2936,5.9
null,2020-08-15,81.6,-3.17,-3.17,5.32,Luis Arraez,650333,676604,14,L,R,1,-0.6,0.59,0.49,6.4223217499341,-118.681734360467,-2.99379700607149,8.32756850848308,24.6240268660453,-37.7376212226902,80.8,2805,5.9
null,2020-08-15,93.9,-3.26,-3.26,5.45,Luis Arraez,650333,676604,4,L,R,-0.8,1.2,-0.32,2.58,9.20315613066534,-136.402596187691,-4.44220332834838,-11.4002718175447,28.4984759720428,-15.7809364570021,93.2,2303,5.9
null,2020-08-15,84,-3.29,-3.29,5.35,Miguel Sano,593934,676604,8,R,R,0.4,0.2,-0.22,1.57,6.22677219087297,-122.248642996165,-2.86472187283812,3.09201018701677,22.3634962428884,-29.460775485588,83.5,2777,5.8
null,2020-08-15,93.6,-2.98,-2.98,5.44,Miguel Sano,593934,676604,3,R,R,-0.7,1.6,0.5,3.06,10.4414957299158,-135.915576712379,-3.87826905229021,-10.9394741939436,29.7119938258062,-11.7927348793218,92.9,2464,6
null,2020-08-15,84.5,-3.13,-3.13,5.35,Miguel Sano,593934,676604,14,R,R,0.3,0.2,0.58,1.43,7.9699302019589,-122.937288303435,-3.21623410341288,1.69792011580298,22.4177040437707,-29.5990871936921,84.2,2691,5.9
null,2020-08-15,93.5,-3.11,-3.11,5.51,Miguel Sano,593934,676604,3,R,R,-0.5,1.5,0.74,3.61,10.9332678457242,-135.755820535384,-2.51397823257437,-8.39351720674856,29.7382946680259,-12.7260420998472,92.9,2435,6
null,2020-08-15,92.5,-3.12,-3.12,5.41,Marwin Gonzalez,503556,676604,1,L,R,-0.9,1.4,-0.66,3.41,8.14744115115844,-134.52677543402,-2.23852149654105,-12.5466059300079,28.6303450102822,-15.3947462243061,92,2325,6
null,2020-08-15,84.2,-3.3,-3.3,5.43,Marwin Gonzalez,503556,676604,1,L,R,0.6,0.1,-0.69,2.84,4.75198160762901,-122.589229054623,0.0946553261327772,5.5841181302679,23.2744192174571,-31.3287282424936,83.5,2690,5.7
null,2020-08-15,79.2,-3.19,-3.19,5.57,Marwin Gonzalez,503556,676604,13,L,R,1,-0.7,-0.99,2.11,2.97487000683121,-115.424295739138,0.413543025296558,8.12208029507589,20.9035445289388,-38.467430897093,78.6,2763,5.7
null,2020-08-15,85.8,-1.14,-1.14,5.8,Hunter Dozier,641531,543606,9,R,R,-0.8,0.4,0.36,2.05,5.06867972670556,-124.949492098139,-3.54066591411767,-8.8657459126191,21.7925325623241,-27.3609074805446,86.4,1244,6.3
null,2020-08-15,85.6,-1.11,-1.11,5.85,Hunter Dozier,641531,543606,13,R,R,-0.6,0.1,-1.04,1.22,1.31610383047299,-124.701599617002,-4.94223960240733,-6.21369900631907,22.0948663986637,-30.4026634488934,86.1,1222,6.3
null,2020-08-15,88.1,-0.95,-0.95,5.89,Hunter Dozier,641531,543606,14,R,R,0,0.7,1.17,2.54,5.11032768686964,-128.440865784799,-3.71877127800233,-0.571922607302368,22.0689117506199,-23.3435602304701,88.8,2223,6.2
null,2020-08-15,93.5,-1.11,-1.11,5.84,Hunter Dozier,641531,543606,12,R,R,-0.7,1.4,0.32,3.98,5.18894998426591,-136.155207419629,-2.22343745155111,-9.45571870680645,27.4538787218557,-14.237427764212,94.3,2296,6.5
null,2020-08-15,84,-0.85,-0.85,5.89,Hunter Dozier,641531,543606,14,R,R,0.3,0.1,1.79,0.52,5.42797809001701,-122.198566558905,-6.20648035777739,2.3580850506565,22.9898530528673,-30.5435125192616,84.1,2130,6.3
null,2020-08-15,76.9,-0.96,-0.96,6.02,Hunter Dozier,641531,543606,12,R,R,0.3,-0.5,1.13,2.61,3.82699845357276,-111.99721232192,0.629920010403737,2.11625135993841,18.7982738070396,-36.8303319522065,76.8,2259,6
null,2020-08-15,93.3,-1.05,-1.05,5.86,Hunter Dozier,641531,543606,12,R,R,-0.7,1.5,1.16,3.2,7.29813573867326,-135.744180026544,-4.41612140607556,-10.7250102876183,29.2327080025314,-12.5701855090829,93.1,2220,6.2
null,2020-08-15,86,-1.02,-1.02,5.87,Hunter Dozier,641531,543606,7,R,R,-1,0.4,-0.68,1.74,2.74816063568221,-125.283815990461,-4.32051131791132,-10.657685091605,22.9414171661471,-27.7782224942754,86.3,1432,6.2
null,2020-08-15,89.3,-1.12,-1.12,5.94,Salvador Perez,521692,543606,12,R,R,0.1,1,0.9,2.95,4.73874175066351,-130.147294930108,-3.49245471812922,0.289786190642851,24.1954174173962,-20.4096323992269,89.6,2236,6.1
null,2020-08-15,93.4,-1.14,-1.14,5.82,Salvador Perez,521692,543606,11,R,R,-0.8,1.3,-0.43,4.17,3.61667030851866,-135.994324164777,-1.43838848913879,-10.9209076967771,28.5599779029143,-15.5958105591107,93.6,2168,6.3
null,2020-08-15,93.5,-1.1,-1.1,5.85,Salvador Perez,521692,543606,12,R,R,-0.7,1.4,1.02,4.07,7.11753088222542,-136.028153261555,-1.91552663089373,-10.8388448314921,28.8277045815811,-14.6504800186034,93.6,2160,6.3
null,2020-08-15,88.1,-1.03,-1.03,5.93,Salvador Perez,521692,543606,14,R,R,0.1,0.8,1.08,2.24,4.90740294513605,-128.316246439493,-4.52923527002358,0.298432283015569,23.1940247168702,-23.1240501218259,88.5,2310,6.2
null,2020-08-15,84,-0.85,-0.85,5.94,Salvador Perez,521692,543606,14,R,R,0.5,0.4,1.46,1.09,4.39540884499147,-122.400756883773,-5.71545380529374,4.18633496113664,20.8187725123001,-27.5781409723,85,2209,6.6
null,2020-08-15,77.5,-0.91,-0.91,6.02,Jorge Soler,624585,543606,14,R,R,0.4,-0.8,1.19,1.63,3.79006902252483,-112.868454801448,-1.08430746539309,2.47424075572163,20.3515465531919,-38.6098078973443,77.3,2309,6.1
null,2020-08-15,93.4,-1.2,-1.2,5.82,Jorge Soler,624585,543606,6,R,R,-0.8,1.4,0.32,2.73,5.69621805920434,-135.876829684261,-5.31423847206163,-11.1185513206162,29.1053476444787,-13.8064300267215,93.6,2386,6.4
null,2020-08-15,88.7,-0.97,-0.97,5.92,Jorge Soler,624585,543606,14,R,R,0.3,0.9,1.68,1.49,5.77054240181601,-129.031586975277,-6.68558178449616,2.7078445999314402,24.1529838210381,-21.0145420022536,89.1,2190,6.3
null,2020-08-15,86.9,-0.92,-0.92,5.97,Jorge Soler,624585,543606,6,R,R,0.4,0.9,0.76,2.38,3.16031455027203,-126.70484492039,-4.36994233604508,4.10656902918546,21.9980471295573,-21.8296020071522,87.6,2119,6.3
null,2020-08-15,84.8,-0.95,-0.95,5.96,Jorge Soler,624585,543606,14,R,R,0.7,0.3,2.49,0.67,6.65862342657953,-123.350813608371,-6.75853312823219,6.02552592230794,22.5511293454318,-27.8142709539118,85.4,2175,6.5
null,2020-08-15,93.6,-1.19,-1.19,5.84,Jorge Soler,624585,543606,2,R,R,-0.5,1.5,-0.16,3.13,3.7709976448483,-136.283104782856,-4.54437833917163,-7.10895577347156,28.7596425088687,-12.899088318237,93.7,2206,6.2
null,2020-08-15,87.1,-1.12,-1.12,5.86,Whit Merrifield,593160,543606,14,R,R,0.7,0.6,0.34,1.22,2.1249209542867,-126.882835301499,-6.36979866119938,6.86946149626407,22.1654537399407,-24.3200306429699,87.4,2132,6.1
null,2020-08-15,93.3,-1.25,-1.25,5.8,Whit Merrifield,593160,543606,1,R,R,-0.9,1.2,-0.28,2.81,4.38056320222,-135.813279819607,-4.55618562304433,-11.7587810181939,27.3379778581834,-16.7254838913056,93.2,2137,6
null,2020-08-15,86,-1.2,-1.2,5.83,Whit Merrifield,593160,543606,9,R,R,-0.5,0.4,0.34,1.89,4.62086919788527,-125.353742559804,-3.95670941462446,-5.70687086492515,21.4620912578702,-27.8027639917209,87.1,1177,6.5
null,2020-08-15,93.3,-1.29,-1.29,5.79,Whit Merrifield,593160,543606,2,R,R,-0.8,1.5,-0.22,3.37,4.40862715770355,-135.770840734059,-3.73295662789151,-10.2566999049569,30.9475200905396,-13.1400642758502,92.9,2140,6.1
null,2020-08-15,84.3,-0.94,-0.94,5.97,Whit Merrifield,593160,543606,14,R,R,0.5,0.1,1.18,1.12,3.97020346136225,-122.679216896575,-5.21391227192941,4.16011390075295,22.7108301144798,-30.0062859044817,84.5,2047,6.3
null,2020-08-15,92.8,-1.13,-1.13,5.91,Whit Merrifield,593160,543606,11,R,R,-0.8,1.4,-0.6,4.08,2.99119190576686,-135.103829353066,-1.85592932146034,-9.89442150081726,29.7382277708351,-15.3776985511067,92.5,2128,6.1
null,2020-08-15,86.4,-0.89,-0.89,5.96,Whit Merrifield,593160,543606,14,R,R,0.4,0.7,1.85,-0.33,5.80797642830364,-125.525586881919,-10.2781415210386,2.90122719785141,19.8980009133028,-23.3380514065401,87.3,2134,6.5
null,2020-08-15,85.1,-0.99,-0.99,5.96,Whit Merrifield,593160,543606,14,R,R,0.6,0.6,1.18,2.03,3.95496165393534,-123.946630607195,-4.09230961840277,5.215465635145,22.3872691386645,-25.8985051166484,85.7,2103,6.4
null,2020-08-15,82.4,-1.03,-1.03,5.99,Whit Merrifield,593160,543606,2,R,R,0.4,0.3,-0.12,3.33,1.23530014143187,-120.104150812537,-0.15476632155859,4.07528069259434,19.9165644325824,-29.699422784897,83,2000,6.3
null,2020-08-15,94.6,-3.31,-3.31,5.17,Eddie Rosario,592696,676604,8,L,R,-0.9,1.2,0.26,1.65,11.275455172289,-137.303078149489,-6.14183926299871,-13.9713985824809,29.1196365376358,-15.8301907631658,94.2,2401,6.1
null,2020-08-15,93.7,-3.23,-3.23,5.34,Eddie Rosario,592696,676604,13,L,R,-1,1.2,-1.14,1.41,7.58850851973076,-136.128209285106,-7.06551498932526,-14.2645156277013,29.0383963748784,-15.618911688254,93.1,2427,6
null,2020-08-15,84.7,-3.38,-3.38,5.2,Eddie Rosario,592696,676604,5,L,R,0.5,-0.1,-0.01,2.23,6.89127011285074,-123.342929897767,-0.53246162242781,3.60557613878233,22.3915018725626,-32.8936705432117,84.5,2714,5.9
null,2020-08-15,83.9,-3.29,-3.29,5.38,Eddie Rosario,592696,676604,14,L,R,1.1,-0.5,2.08,-0.13,10.228955277836,-121.721327493223,-5.18385136453837,8.62546948809514,24.1245180646793,-36.7366577180901,83.2,2876,6
null,2020-08-15,85.1,-3.43,-3.43,5.19,Eddie Rosario,592696,676604,8,L,R,0.5,0.1,-0.26,1.55,6.46182384585058,-123.86834538968,-2.39091064237805,3.64489761564909,21.7446589429841,-31.4084978226377,84.9,2793,5.9
null,2020-08-15,86.9,-3.36,-3.36,5.36,Eddie Rosario,592696,676604,14,L,R,0.5,0,0.44,0.8,7.92832878564759,-126.28098912652,-4.79373419607725,4.04395126725928,24.8809549122697,-30.9709375092798,86,2871,5.7
null,2020-08-15,93.5,-3.4,-3.4,5.35,Eddie Rosario,592696,676604,11,L,R,-0.6,1.4,-0.42,3.92,9.00999346681097,-135.886391041649,-0.997373703809665,-9.90863411827528,29.5767265361404,-14.8475258292162,92.7,2381,5.9
null,2020-08-15,83.8,-3.46,-3.46,5.24,Eddie Rosario,592696,676604,9,L,R,0.7,0.3,0.58,1.83,7.86672063248136,-122.044108813668,-2.16301101073782,5.89696453046003,19.8600181168796,-29.006841887234,83.8,2792,5.9
null,2020-08-15,78.8,-3.4,-3.4,5.4,Eddie Rosario,592696,676604,4,L,R,1.3,-0.4,-0.63,2.43,3.50652123177268,-114.836670966035,0.9640277436749,11.2305468970933,20.0123095167427,-35.7516500630267,78.5,2856,5.9
null,2020-08-15,93.6,-3.04,-3.04,5.36,Nelson Cruz,443558,676604,4,R,R,-0.7,1.4,-0.43,2.75,8.13724681451602,-136.019355037553,-4.13796297523855,-9.85262320084466,29.3509289756541,-13.6729302253007,93.3,2376,6.1
null,2020-08-15,93.1,-3.16,-3.16,5.3,Nelson Cruz,443558,676604,12,R,R,-0.7,1.3,0.37,3.95,10.4630425910671,-135.356665611439,-0.606727656696221,-10.455523363287,26.7661004044352,-16.0240121510028,92.9,2341,6
null,2020-08-15,81.9,-3.28,-3.28,5.33,Nelson Cruz,443558,676604,6,R,R,0.7,-0.2,0.5,2.9,7.10914071350891,-119.129052671686,1.38953841237164,5.57539066083783,20.6145515803434,-34.6121954564858,81.4,2790,5.8
null,2020-08-15,93,-3.08,-3.08,5.38,Nelson Cruz,443558,676604,14,R,R,-0.8,1.2,1.44,1.97,13.2358036199022,-134.828080198989,-5.48088250949183,-12.53264374178,27.3555191699658,-16.9787157632995,92.6,2282,6.1
null,2020-08-15,91.5,1.39,1.39,5.39,Jorge Polanco,593871,642100,3,R,L,1.1,0.8,0.34,2.92,-5.04813140288601,-133.350358586941,-2.11660039661059,14.5839737461455,25.0545733164393,-22.604803521202,91.2,2125,5.7
null,2020-08-15,84.1,1.74,1.74,5.27,Jorge Polanco,593871,642100,13,R,L,-0.4,0,-1.45,0.61,-6.48824603925215,-122.35780197168,-4.49793596499986,-3.25318739915021,22.3749778287429,-31.2509940310499,83.9,2320,6
null,2020-08-15,91.2,1.58,1.58,5.2,Max Kepler,596146,642100,5,L,L,1.4,0.2,-0.25,2.55,-7.58658714181046,-132.610113952176,-1.2757059437496,18.1602067060629,28.2304381674931,-29.325182327595,90.9,1971,6.2
null,2020-08-15,84.4,1.59,1.59,5.14,Max Kepler,596146,642100,13,L,L,-0.5,0.2,-1.08,1.33,-5.24407370087618,-122.95652080459,-3.0375079990894,-3.99467249039341,21.9206525308608,-29.4859238611071,84.5,2412,6.1
null,2020-08-15,90.8,1.61,1.61,5.22,Max Kepler,596146,642100,14,L,L,1.4,0.3,1.43,2.33,-3.4100078172587,-132.291856569558,-2.13711094008255,16.9676604601496,25.720225928393,-27.8550563618372,90.9,2027,6.1
null,2020-08-15,91.7,1.48,1.48,5.4,Max Kepler,596146,642100,7,L,L,1.4,0.8,-0.42,2.07,-7.76473702108269,-133.395919071587,-4.30213017137653,18.0779680509551,25.9068157437551,-22.047229727786,91.8,2082,6.2
null,2020-08-15,83.9,1.64,1.64,5.22,Max Kepler,596146,642100,13,L,L,-0.3,0.5,-1.6,2.1,-6.95357233989074,-122.128630952482,-1.98163697330104,-1.49793085804923,20.4410019457035,-26.5211880113249,84.3,2399,6.2
null,2020-08-15,91.9,1.62,1.62,5.21,Max Kepler,596146,642100,13,L,L,0.9,1.1,-1.32,2.45,-9.28265917963951,-133.559677183532,-3.64680999215124,12.5026016844165,26.2473816579761,-17.7832252994124,91.6,2354,6
null,2020-08-15,90.2,1.57,1.57,5.29,Alex Avila,488671,642100,12,L,L,1.3,0.6,0.33,3.5,-5.84816738110082,-131.392128111622,0.190828607217123,16.525532385684,24.7454568777784,-25.6615536539639,90.2,1967,6
null,2020-08-15,91.4,1.56,1.56,5.27,Alex Avila,488671,642100,8,L,L,1.4,0.3,0.26,1.74,-6.29878371284328,-133.090596013894,-3.7686514144006,18.3592349510636,26.4529163655937,-27.5576124873409,91.1,1027,5.9
null,2020-08-15,91.2,1.58,1.58,5.26,Alex Avila,488671,642100,9,L,L,1.3,0.3,0.29,1.55,-5.91099773254243,-132.756892079353,-4.13097701547241,16.2386234211966,24.6860358113672,-28.0541015638219,91,1995,5.9
null,2020-08-15,82.6,1.62,1.62,5.2,Alex Avila,488671,642100,13,L,L,-0.3,0,-0.9,1.1,-5.10460985901148,-120.3261282557,-3.0056230029859,-2.28177384206015,20.4434662706335,-31.4289975907422,82.8,2334,6.1
null,2020-08-15,90,1.49,1.49,5.31,Alex Avila,488671,642100,4,L,L,1.4,0.4,-0.37,2.25,-7.42383571300778,-130.945192559652,-2.63294027811895,17.087339676346,23.9882553213567,-26.7229667435233,89.9,2034,5.9
null,2020-08-15,82.6,1.62,1.62,5.32,Alex Avila,488671,642100,13,L,L,-0.5,0.2,-1.11,2.36,-5.14990075321254,-120.35105859741,-0.676268734946585,-4.40016993576943,20.44917382609,-30.5482277723269,82.6,2292,6
null,2020-08-15,91.3,1.59,1.59,5.4,Alex Avila,488671,642100,12,L,L,0.9,1.2,1.18,2.78,-2.87751405494822,-133.058999618639,-3.38085901087928,10.9618271077703,25.9751037921654,-17.110862922306,91,2378,5.8
null,2020-08-15,85.1,-0.95,-0.95,5.9,Nicky Lopez,670032,543606,14,L,R,0.4,0.3,1.24,1.02,4.2602597126405,-123.919667407373,-5.86095493497149,3.8535451020568,20.9755891194583,-28.1506137008409,85.8,2131,6.3
null,2020-08-15,93.3,-1.45,-1.45,5.74,Nicky Lopez,670032,543606,11,L,R,-0.8,1.4,-0.73,3.47,3.66870867531193,-135.87671835863,-3.10038931376861,-11.1025875652316,29.7390844528668,-14.7971906666729,93.1,2217,6.1
null,2020-08-15,75.6,-1.22,-1.22,5.95,Nicky Lopez,670032,543606,14,L,R,0.7,-0.6,1.38,1.8,4.2370207780137,-110.166040528766,-0.615857720898502,4.66717980460338,18.3133045240718,-36.8205098820179,75.5,2280,6
null,2020-08-15,93.3,-1.39,-1.39,5.75,Nicky Lopez,670032,543606,11,L,R,-1.2,1.2,-0.71,3.14,4.39402984278752,-135.8423980994,-3.62249554285315,-15.8047291953214,28.3283782971716,-16.6943827460491,93.5,2225,6.3
null,2020-08-15,93.6,-1.45,-1.45,5.7,Adalberto Mondesi,609275,543606,13,L,R,-1.2,1.2,-1.03,2.4,3.61460866151704,-136.220763928127,-5.48081884443513,-15.2032146471307,27.9350219262454,-16.0078844008197,93.6,2139,6.2
null,2020-08-15,82.4,-1.46,-1.46,5.7,Adalberto Mondesi,609275,543606,13,L,R,-1.1,0.4,-1.43,-0.25,2.27651410803703,-119.967269218077,-7.76847085551591,-11.4226096786484,21.3374887749806,-27.3240323517037,82.7,1288,6.3
null,2020-08-15,83.7,-1.44,-1.44,5.75,Adalberto Mondesi,609275,543606,8,L,R,-0.6,0.3,-0.08,1.89,4.32381664588243,-121.91897123306,-3.2613204560686,-6.80211213302452,20.3626367911168,-28.4433526204582,84.1,1338,6.2
null,2020-08-15,91.4,-1.38,-1.38,5.77,Adalberto Mondesi,609275,543606,4,L,R,-0.7,1.3,-0.52,2.68,3.63336094918026,-133.171051594699,-4.68177609296586,-8.83521173905032,26.145589131785002,-16.4001614784084,91.6,2164,6.2
null,2020-08-15,85.6,-1.2,-1.2,5.75,Alex Gordon,460086,543606,5,L,R,-0.9,0.5,0.2,2.6,5.07220159094708,-124.774094952295,-2.33906585634727,-10.1517048073029,21.4323983785342,-26.3453765107171,86.1,1362,6.2
null,2020-08-15,92.7,-1.37,-1.37,5.78,Alex Gordon,460086,543606,11,L,R,-1,1.3,-0.94,3.18,3.21704438818345,-135.003998756482,-3.67941239712697,-12.5745116485427,26.8268452722723,-15.8945032666132,92.9,2156,6.2
null,2020-08-15,94.2,-2.26,-2.26,5.39,Byron Buxton,621439,453178,3,R,R,-0.9,1.4,0.53,3.24,9.19929612850156,-136.967822483677,-2.95371377425878,-12.6287115798616,27.445823561483,-14.4583848351612,95.1,2558,6.7
null,2020-08-15,86.1,-1.98,-1.98,5.47,Byron Buxton,621439,453178,13,R,R,-0.8,0.9,-0.35,-0.6,5.58785575568508,-125.009628577401,-10.1622133787965,-9.77562873868917,22.1807843820335,-20.631619778684,87,1737,6.7
null,2020-08-15,92.6,-2.25,-2.25,5.4,Byron Buxton,621439,453178,11,R,R,-1,1.3,-0.72,3.59,6.08126114742652,-134.857501588793,-1.76396089956171,-13.3374684072634,27.7976963974121,-15.6297629318305,93.2,2299,6.5
null,2020-08-15,93.6,-2.19,-2.19,5.31,Byron Buxton,621439,453178,8,R,R,-1,1.4,0.2,1.85,8.33250041424333,-135.932428890316,-6.32868952151485,-13.7799151680459,30.0832469203847,-13.2816923118652,94,2468,6.6
null,2020-08-15,93.3,-2.35,-2.35,5.26,Luis Arraez,650333,453178,13,L,R,-0.9,1.4,-1,1.74,5.58621529318607,-135.725231874243,-6.42404907951673,-12.8068677896261,27.8824503702597,-13.9032772323634,94.4,2476,6.8
null,2020-08-15,93.7,-2.31,-2.31,5.24,Luis Arraez,650333,453178,14,L,R,-0.8,1.4,1.29,1.93,11.0807616773474,-136.007389901194,-5.95720852605751,-12.0526072545229,28.6530989618457,-13.531425228809,94.3,2387,6.7
null,2020-08-15,93.3,-2.45,-2.45,5.22,Luis Arraez,650333,453178,7,L,R,-0.9,1.3,-0.59,1.75,6.79667945241125,-135.638872840902,-6.19268187137589,-12.5258992705188,27.7535748495856,-14.3360516773016,94,2447,6.6
null,2020-08-15,89,-2.37,-2.37,5.32,Luis Arraez,650333,453178,14,L,R,0.1,0.8,1.54,1.33,9.41096852358753,-129.383729122673,-5.44438760060115,-0.557854580570591,23.1853379150106,-22.7572800208022,89.8,2152,6.5
null,2020-08-15,91.8,-2.4,-2.4,5.25,Luis Arraez,650333,453178,12,L,R,-0.5,1.4,0.75,3.58,9.07041862479488,-133.466078476463,-1.45760398524487,-7.60668820810525,26.788469856455,-15.0822489045161,92.7,2347,6.7
null,2020-08-15,79.7,-2.39,-2.39,5.54,Luis Arraez,650333,453178,4,L,R,0.7,-1,-0.53,1.89,2.75510842188676,-116.081112109081,0.588531189059672,5.99527635829288,20.6127700558278,-41.6257660193933,80.2,2543,6.5
null,2020-08-15,93.5,-2.34,-2.34,5.21,Miguel Sano,593934,453178,14,R,R,-0.7,1.4,1.4,2.06,11.1145205642391,-135.77984081983,-5.62207302232111,-10.4125053137195,27.0895623744361,-13.2040741380622,94.2,2434,6.6
null,2020-08-15,92.8,-2.3,-2.3,5.29,Miguel Sano,593934,453178,1,R,R,-0.9,1.4,-0.79,3.6,5.81607244399221,-135.112044831924,-1.60981027444017,-12.0978283834745,27.9566913687455,-15.0126793726902,93.4,2443,6.5
null,2020-08-15,89.6,-2.41,-2.41,5.33,Miguel Sano,593934,453178,6,R,R,0.1,0.6,0.32,2.51,6.52127004199086,-130.449967918338,-2.34304388784803,0.219535425559816,24.707680472256,-24.7731831187039,90.4,2173,6.5
null,2020-08-15,90,-2.44,-2.44,5.27,Miguel Sano,593934,453178,14,R,R,-0.1,0.6,1.45,1.27,9.78213102141826,-130.730120182106,-5.28546065073726,-2.58517319775969,26.2140412929451,-24.0651813847908,90.3,2211,6.5
null,2020-08-15,90.4,-2.48,-2.48,5.31,Miguel Sano,593934,453178,14,R,R,0.1,0.8,1.47,1.37,9.7092215716444,-131.345155342447,-5.71822153096708,-0.958174565144437,24.8245724262383,-21.4590198627574,91.1,2155,6.5
null,2020-08-15,79.1,-2.46,-2.46,5.49,Marwin Gonzalez,503556,453178,8,L,R,1,-1.1,0.26,1.85,4.02761135741154,-115.085913433005,0.909879546269908,8.26000009815695,22.0126544764768,-42.1887836080474,79.1,2601,6.4
null,2020-08-15,93.7,-2.46,-2.46,5.32,Marwin Gonzalez,503556,453178,11,L,R,-0.6,1.3,-1.36,3.24,4.1836773668378,-136.545570475879,-2.55019205807351,-8.42739349888391,28.1841364610293,-15.6170571741742,94.3,2407,6.4
null,2020-08-15,79.2,-2.47,-2.47,5.48,Marwin Gonzalez,503556,453178,8,L,R,0.9,-1,-0.21,1.62,3.21386449819847,-115.260051447405,0.164260625708926,7.6425732378092,22.3127230989339,-40.9425680166778,79.4,2558,6.5
null,2020-08-15,79.5,-2.5,-2.5,5.46,Marwin Gonzalez,503556,453178,13,L,R,1.1,-1.1,-0.2,0.93,3.00193486401731,-115.782835197073,-1.05139177446262,9.17472508737416,21.8757225723637,-42.3601302926857,79.6,2638,6.4
null,2020-08-15,93.1,-2.37,-2.37,5.33,Marwin Gonzalez,503556,453178,4,L,R,-0.8,1.4,-0.58,2.35,6.46430040975449,-135.512378774927,-5.11257670101149,-11.5638603687464,26.4999471136537,-13.666765306072,94.2,2353,6.7
null,2020-08-15,93,-1.26,-1.26,5.83,Maikel Franco,596748,543606,3,R,R,-0.8,1.4,0.63,3.34,6.61735782163687,-135.285980570715,-3.71342258808552,-11.3835193367469,28.4714956875486,-14.1646655016913,93.1,2233,6.3
null,2020-08-15,93.1,-1.14,-1.14,5.89,Maikel Franco,596748,543606,12,R,R,-0.8,1.4,0.25,3.48,5.30090448886161,-135.602405571826,-3.61749552569744,-11.0331990441242,26.9528668671745,-13.7447148341149,93.2,2404,6.1
null,2020-08-15,88.9,-1.12,-1.12,5.96,Maikel Franco,596748,543606,14,R,R,0.2,1.1,1.06,1.84,4.98599105898936,-129.474357522048,-6.35664878579263,1.0637756818621,22.5794591694225,-19.2435635036919,89.5,2313,6.2
null,2020-08-15,88.2,-1,-1,5.87,Maikel Franco,596748,543606,14,R,R,0.4,0.9,1.64,1.52,5.55284740907991,-128.375244651694,-6.47027990030134,3.72052361634795,22.3197192217707,-20.9680064697463,88.7,2245,6.2
null,2020-08-15,92.7,-1.19,-1.19,5.91,Maikel Franco,596748,543606,2,R,R,-0.8,1.4,0.14,2.87,5.22173013835947,-134.898270931483,-5.06632614600453,-11.2901772661829,26.6358638913604,-14.2109025592947,92.8,2417,6.1
null,2020-08-15,76.1,-1.03,-1.03,6.07,Maikel Franco,596748,543606,14,R,R,0.6,-1,0.59,1.14,2.3086997624748,-110.841522651865,-1.60313616089585,4.60773464590674,18.2777090567708,-40.2197579548249,76.2,2350,6.1
null,2020-08-15,92.8,-1.1,-1.1,5.89,Ryan McBroom,643436,543606,3,R,R,-0.8,1.3,0.75,3.53,6.52903491020317,-135.10301787689,-3.19378922660036,-11.5002337135676,25.8974195052704,-15.3502223486657,93.1,2240,6.2
null,2020-08-15,93,-1.27,-1.27,5.84,Ryan McBroom,643436,543606,11,R,R,-1,1.4,-0.21,3.64,4.84887605111986,-135.440300443945,-3.0230503310925,-12.9360218327348,25.9444529685155,-14.2789689724937,93.5,2261,6.3
null,2020-08-15,91.9,-1.16,-1.16,5.91,Ryan McBroom,643436,543606,3,R,R,-0.8,1.3,0.69,3.46,6.33115569250207,-133.751420305622,-3.29508685502352,-10.5784023630905,26.1548976038333,-15.6327935260902,91.9,2304,6.1
null,2020-08-15,92.9,-1.32,-1.32,5.88,Ryan McBroom,643436,543606,11,R,R,-0.8,1.4,-0.52,3.96,3.77293451960002,-135.306562382999,-2.12442380447276,-10.5838355822429,28.2187376509826,-15.1934075766935,92.7,2285,6.1
null,2020-08-15,85,-1.03,-1.03,5.97,Hunter Dozier,641531,543606,4,R,R,-1,0.6,-0.61,2.84,2.92701627019383,-123.97822681626,-2.26814874333153,-10.6169784568802,20.863527378539,-26.0484670525442,85.7,1414,6.3
null,2020-08-15,75.1,-1.01,-1.01,6.06,Hunter Dozier,641531,543606,8,R,R,0.6,-0.8,0.22,1.88,1.55785655788532,-109.519091143886,-0.194109679947239,4.23472580792003,17.4034929710384,-38.8494305067154,75.2,2290,6
null,2020-08-15,75.3,-1.09,-1.09,6.05,Hunter Dozier,641531,543606,14,R,R,0.6,-0.8,0.77,0.65,2.75484895118504,-109.690516802825,-2.7199297925019,4.62125572207625,18.3398636045934,-38.3837286781692,75.2,2254,6
null,2020-08-15,93.3,-2.21,-2.21,5.33,Eddie Rosario,592696,453178,5,L,R,-0.6,1.6,0.15,2.3,7.31374714907254,-135.650651789781,-5.54349191879899,-8.49553187106043,27.7950243215079,-11.6797728974757,93.7,2518,6.5
null,2020-08-15,86.9,-2.28,-2.28,5.55,Eddie Rosario,592696,453178,13,L,R,-1.1,1,-0.96,0.88,5.50279253566224,-126.321115981457,-7.09268465823761,-13.1804115388551,24.8274690370362,-20.2789626385245,87.4,1983,6.6
null,2020-08-15,93.1,-2.3,-2.3,5.3,Nelson Cruz,443558,453178,8,R,R,-0.9,1.3,0.03,1.94,8.01650729413234,-135.28109596393,-5.68271928617254,-12.9029402740983,29.1395607662226,-15.2970224209578,93.5,2531,6.6
null,2020-08-15,89.5,-2.2,-2.2,5.3,Nelson Cruz,443558,453178,9,R,R,0,0.7,0.55,1.7,6.79780068254305,-130.22867091746,-4.36838860988495,-1.11917395745689,24.9971750459372,-23.8671568905582,90.4,2187,6.7
null,2020-08-15,90.3,-2.37,-2.37,5.3,Nelson Cruz,443558,453178,14,R,R,0.2,0.6,1.28,1.46,8.65143670135504,-131.36667017992,-5.04316607049285,1.01043031203778,23.980859318295,-24.0091859001971,91.2,2256,6.5
null,2020-08-15,89,-2.45,-2.45,5.46,Jorge Polanco,593871,453178,5,L,R,0.2,0.6,0.05,2.64,5.82829550469498,-129.622069400981,-2.28201616589348,0.67346177026853,24.5087382905679,-24.7592240333871,89.9,2227,6.6
null,2020-08-15,93.8,-2.37,-2.37,5.31,Jorge Polanco,593871,453178,11,L,R,-0.6,1.3,-0.85,3.47,5.4070464757189,-136.612323133348,-2.03301672144285,-9.27339618044089,28.4571261052186,-15.273789032086,94.9,2350,6.7
null,2020-08-15,80,-2.3,-2.3,5.6,Max Kepler,596146,453178,4,L,R,1.1,-0.9,-0.63,2.24,1.7070629157847,-116.567999749412,0.925234128580648,9.36578134241563,20.3022789500274,-40.8383486909706,80.3,2775,6.2
null,2020-08-15,94,-2.38,-2.38,5.27,Max Kepler,596146,453178,4,L,R,-0.7,1.3,-0.55,2.87,6.24878705654741,-136.907489339367,-3.50157695976359,-9.66195035970343,26.9349946430412,-14.9182301885725,94.8,2568,6.5
null,2020-08-15,89.7,-2.41,-2.41,5.34,Max Kepler,596146,453178,12,L,R,0,0.7,1.08,2.98,8.53763826271798,-130.575219507367,-1.5314615451196,-0.912179795611132,22.1271874639165,-23.3765411609759,90.6,2398,6.4
null,2020-08-15,93.3,-2.32,-2.32,5.33,Max Kepler,596146,453178,11,L,R,-0.7,1.3,-0.27,4,6.96497003212171,-135.896173042455,-0.560940587327649,-10.5875352852225,27.0238505131337,-16.1099515649312,94.5,2964,6.7
null,2020-08-15,93.4,-2.3,-2.3,5.31,Max Kepler,596146,453178,9,L,R,-0.7,1.3,0.62,1.79,9.04516124576697,-135.763606288084,-6.34113816351503,-10.260647932067,27.0578944565468,-14.2676328808747,94.2,2525,6.6
null,2020-08-15,89.5,-2.57,-2.57,5.38,Max Kepler,596146,453178,12,L,R,0.1,0.6,0.98,3.77,8.52304711628224,-130.277866695905,0.810837936226144,-0.210109632034019,23.9583153638423,-26.1808188841866,90,2237,6.3
null,2020-08-15,93.4,-2.34,-2.34,5.35,Max Kepler,596146,453178,1,L,R,-0.8,1.4,-0.49,3.07,6.58581600111981,-135.906601058162,-3.22150857183258,-11.4975212226167,27.2741689257981,-14.3610570762676,93.9,2496,6.4
null,2020-08-15,85.1,-0.88,-0.88,6.09,Salvador Perez,521692,543606,14,R,R,0.7,0.2,1.09,2.22,3.25032437898672,-124.043811079253,-3.26859135904742,6.49212185451755,22.6947179401767,-29.4541067040523,85.3,2232,6.1
null,2020-08-15,88.6,-1.11,-1.11,5.94,Salvador Perez,521692,543606,2,R,R,0.3,1.2,-0.1,3.09,1.88307722595742,-129.170105617936,-3.4809642353454,2.89855861639805,22.6825824514254,-18.2639556397156,89.2,2257,6.2
null,2020-08-15,89.6,-0.91,-0.91,5.97,Salvador Perez,521692,543606,14,R,R,0.3,1,1.46,1.9,5.10879927098323,-130.490724782029,-6.28366690933645,3.06140081304642,24.5639902847715,-19.2973674109421,89.9,2377,6.2
null,2020-08-15,88.8,-0.92,-0.92,6,Salvador Perez,521692,543606,12,R,R,0.5,0.9,1.23,3.05,4.29491112957065,-129.43181778811,-3.10124507464162,4.54666382074198,24.4114514942001,-21.7493641565867,89.2,2311,6.2
null,2020-08-15,84.9,-0.87,-0.87,6.01,Salvador Perez,521692,543606,14,R,R,0.6,0.4,1.58,1.15,4.61824496314244,-123.64128946177,-6.01831919016367,5.02328046815116,19.560142214061,-27.037705139906,85.6,2293,6.3
null,2020-08-15,93.9,-1.07,-1.07,5.89,Salvador Perez,521692,543606,12,R,R,-0.6,1.5,1.19,2.89,7.22192481607035,-136.464465448035,-5.34476581590173,-9.32222627946765,29.4171086542395,-12.591240293874,93.9,2478,6.3
null,2020-08-15,94.2,-1.13,-1.13,5.82,Jorge Soler,624585,543606,5,R,R,-0.6,1.4,0.25,2.44,4.96660117267771,-136.973555531396,-6.18218252917297,-8.99505070012426,30.6729797395816,-13.2953229653091,94,2449,6.3
null,2020-08-15,79.4,-1,-1,6.08,Jorge Soler,624585,543606,14,R,R,0.6,-0.5,1.61,1.78,4.59193311862848,-115.720936942163,-1.7561277877075,4.66926407787173,18.6382331352911,-36.977816961574,79.6,709,6
null,2020-08-15,93.4,-1.14,-1.14,5.88,Jorge Soler,624585,543606,8,R,R,-0.7,1.4,-0.05,2.09,4.44061217007316,-135.83123741471601,-7.20191905478576,-10.2200234847758,28.3986754265681,-12.8570471600626,93.4,2437,6.2
null,2020-08-15,93.7,-1.13,-1.13,5.9,Jorge Soler,624585,543606,9,R,R,-0.7,1.5,0.32,2.16,5.28319632621502,-136.339418604954,-7.21052407882562,-9.97075319276502,28.0923098424877,-12.3758732258003,93.6,2389,6.1
null,2020-08-15,92.8,-1.14,-1.14,5.95,Jorge Soler,624585,543606,11,R,R,-0.7,1.5,-0.76,3.96,2.56218653295526,-135.136404172873,-2.52850210136976,-9.55875138886054,27.8921329413673,-13.7855548874459,92.5,2463,5.9
null,2020-08-15,84.5,-0.88,-0.88,6.1,Jorge Soler,624585,543606,14,R,R,0.5,0.5,1.08,2.16,3.63817554651919,-123.114022563961,-3.94365400688164,4.16559948412229,20.6491388285867,-26.3350137613615,84.7,2291,6
null,2020-08-15,86.7,-1.06,-1.06,6.03,Whit Merrifield,593160,543606,6,R,R,0.4,0.5,0.38,2.32,2.53605058614065,-126.379618149735,-3.67794870376468,4.23027736906185,23.1409842335561,-26.7053854450125,86.9,2173,6.1
null,2020-08-15,86.4,-1.04,-1.04,6.06,Whit Merrifield,593160,543606,9,R,R,0.5,0.5,0.77,1.92,3.18244847565326,-125.852405049038,-4.72618346007169,5.29429264922709,22.8343748829941,-26.0808256105535,86.4,2208,6
null,2020-08-15,87.1,-0.78,-0.78,6.01,Whit Merrifield,593160,543606,14,R,R,0.5,0.5,1.51,0.88,4.36507959779977,-126.829315322242,-7.26619762861192,5.16384788092919,22.52927375201,-25.5212428229341,87.4,2240,6.2
null,2020-08-15,92.8,-1.23,-1.23,5.89,Whit Merrifield,593160,543606,2,R,R,-0.9,1.5,-0.09,3.31,4.80501328162966,-135.128430858772,-4.12195549693525,-11.7109767835091,29.5258280904269,-12.96917029905,92.5,2482,6.1
null,2020-08-15,92.5,-1.14,-1.14,5.87,Whit Merrifield,593160,543606,6,R,R,-0.8,1.5,0.47,2.17,5.76383657466077,-134.484132148474,-6.85083627647234,-10.7344063224956,29.1432208262151,-12.7696976769416,92.1,2419,6.1
null,2020-08-20,95.4,-2.24,-2.24,6.35,Manny Machado,592518,472610,14,R,R,-0.8,0.8,1.08,1.23,10.5713420300827,-138.282227348141,-9.6723589380287,-12.8400411135142,28.614691436939,-19.7885356824791,95.6,2226,6.4
null,2020-09-04,96.5,2.66,2.66,5.68,Jurickson Profar,595777,666200,2,R,L,1.5,1.2,-0.28,2.83,-11.0258481271574,-139.957472552234,-4.64449062870154,22.1363250318586,35.4808567917499,-15.2439898034485,94.6,2631,5.7
null,2020-09-04,95.9,2.59,2.59,5.76,Luis Campusano,669134,666200,13,R,L,1.4,1.2,-1.19,2.24,-12.910605481757,-138.901157439159,-6.26369795090109,20.7725786887981,33.0333150232816,-15.3777912550121,94.4,2403,5.8
null,2020-09-04,95.1,2.48,2.48,5.74,Eric Hosmer,543333,666200,12,L,L,1.4,1.3,1.16,3.3,-6.50908169583279,-138.244707374523,-3.44886889983722,19.3113412201178,34.6308850832715,-15.6424296081915,93.5,2532,5.7
null,2020-09-04,97.5,2.24,2.24,5.83,Fernando Tatis Jr.,665487,666200,7,R,L,1.3,1.2,-0.8,1.63,-11.0739420469895,-141.256851842476,-8.36000656390218,20.376880231558,34.0090850738469,-14.3531176590391,96.1,2631,5.8
null,2020-09-04,97.2,2.3,2.3,5.85,Fernando Tatis Jr.,665487,666200,13,R,L,1.3,1.4,-2.28,2.05,-14.9425269837984,-140.623139789786,-7.64744281707661,20.1287727677015,31.1547256628352,-12.4205383674754,95.8,2594,5.8
null,2020-09-04,95.1,2.52,2.52,5.8,Trent Grisham,663757,666200,11,L,L,1.3,1.2,-1.08,3.6,-12.2361188851147,-137.902551659824,-2.82993549802569,19.85457014265,31.2030875425933,-15.8179114875134,93.6,2505,5.6
null,2020-09-04,96.6,2.73,2.73,5.77,Luis Campusano,669134,666200,12,R,L,1.4,1.1,0.12,4.52,-10.0350530068981,-140.24846554837,-0.325910823242055,21.1796142065023,33.5658982861777,-17.3487196541397,94.9,2481,5.6
null,2020-09-04,96.9,2.58,2.58,5.74,Jake Cronenworth,630105,666200,5,L,L,1.3,1.4,-0.16,2.23,-10.1923553726643,-140.512422308065,-6.92968619987621,19.9778794338732,34.4340564443807,-11.8604346021079,95.4,2582,5.8
null,2020-09-04,96.3,2.35,2.35,5.86,Wil Myers,571976,666200,13,R,L,1.3,1.3,-2.1,1.98,-14.5346996386991,-139.300448668013,-7.4679180155528,20.2421409322211,31.3140841380591,-13.9727250533148,94.9,2541,5.8
null,2020-09-04,94.8,2.61,2.61,5.74,Wil Myers,571976,666200,4,R,L,1.2,1.3,-0.65,2.75,-11.0773404375026,-137.488790145165,-4.98475016387519,18.1346035696384,31.9789197146439,-14.4399558533701,93.1,2507,5.6
null,2020-09-04,96.5,2.47,2.47,5.88,Eric Hosmer,543333,666200,2,L,L,1.3,1.2,-0.04,3.23,-9.44811547149156,-140.134198629325,-4.16262142895036,19.3629124513318,33.5157732247626,-15.2380432077407,94.6,2520,5.4
null,2020-09-04,97.5,2.67,2.67,5.82,Manny Machado,592518,666200,12,R,L,1.4,1.1,0.16,3.97,-9.78110043295168,-141.557658658133,-1.91111717688322,21.1239332211163,36.3548841490595,-16.9628430960885,95.3,2505,5.4
null,2020-09-04,97.8,2.42,2.42,5.83,Manny Machado,592518,666200,7,R,L,1.3,1.1,-0.55,2.08,-10.9207624793547,-141.715399785976,-6.96011683963713,20.8142113531694,36.7374246002802,-15.8221531985759,95.7,2580,5.6
null,2020-09-04,97.2,2.41,2.41,5.83,Manny Machado,592518,666200,5,R,L,1.2,1.4,-0.23,3.06,-9.76488272453276,-141.140084203165,-4.88480519140912,18.9942580744609,35.3771914290693,-12.9893789576875,95.3,2467,5.5
